<?xml version="1.0"?>
<!DOCTYPE hibernate-mapping PUBLIC "-//Hibernate/Hibernate Mapping DTD 3.0//EN"
"http://www.hibernate.org/dtd/hibernate-mapping-3.0.dtd">
<!-- Generated 13/06/2021 02:31:36 AM by Hibernate Tools 4.3.1 -->
<hibernate-mapping>
    <class name="entity.Ejercicios" table="ejercicios" catalog="proyecto" optimistic-lock="version">
        <id name="id" type="java.lang.Integer">
            <column name="id" />
            <generator class="identity" />
        </id>
        <property name="columnajson" type="string">
            <column name="columnajson" length="150" />
        </property>
    </class>
</hibernate-mapping>
