<?xml version="1.0"?>
<!DOCTYPE hibernate-mapping PUBLIC "-//Hibernate/Hibernate Mapping DTD 3.0//EN"
"http://www.hibernate.org/dtd/hibernate-mapping-3.0.dtd">
<!-- Generated 13/06/2021 02:31:36 AM by Hibernate Tools 4.3.1 -->
<hibernate-mapping>
    <class name="entity.Usuarios" table="usuarios" catalog="proyecto" optimistic-lock="version">
        <id name="usuario" type="string">
            <column name="usuario" length="20" />
            <generator class="assigned" />
        </id>
        <property name="contra" type="string">
            <column name="contra" length="20" />
        </property>
    </class>
</hibernate-mapping>
